{
  "image_size": 256,
  "imagenet_mean": [
    0.485,
    0.456,
    0.406
  ],
  "imagenet_std": [
    0.229,
    0.224,
    0.225
  ],
  "hemoset_train": {
    "mean_R": 0.6470109843329933,
    "mean_G": 0.3638328156760256,
    "mean_B": 0.35950829744150536,
    "std_R": 0.17570860774519714,
    "std_G": 0.1920520384494017,
    "std_B": 0.19773744823607545,
    "mean_brightness": 0.44801268090148627,
    "mean_saturation": 0.4992391256326902,
    "n_images": 769,
    "mean_blood_coverage_pct": 7.0647578245641665
  },
  "cholecseg8k_test": {
    "mean_R": 0.33657845090741306,
    "mean_G": 0.21223872109029715,
    "mean_B": 0.18124142308532323,
    "std_R": 0.2767334129311452,
    "std_G": 0.21740178679348215,
    "std_B": 0.1838308813022476,
    "mean_brightness": 0.2457555166639603,
    "mean_saturation": 0.5228985880601986,
    "n_images": 8080,
    "frames_with_blood": 4556,
    "frames_without_blood": 3524,
    "mean_blood_coverage_pct": 1.8781992468503441
  },
  "frechet_distance_gaussian": {
    "value": 0.21623073919691688,
    "description": "Fr\u00e9chet distance between N(\u03bc,\u03a3) fitted to per-image [mean_R, mean_G, mean_B, mean_brightness, mean_saturation] (256\u00d7256, same as Phase 1).",
    "n_hemoset_train": 769,
    "n_cholecseg8k": 8080,
    "feature_order": [
      "mean_R",
      "mean_G",
      "mean_B",
      "mean_brightness",
      "mean_saturation"
    ]
  }
}